"timestamp","elapsed_minutes","vercel_http","local_api_http","tunnel_http","worker_status","api_pid","api_creation_time_utc","worker_pid","worker_creation_time_utc","cloudflared_pid","cloudflared_creation_time_utc","api_rss_mb","worker_rss_mb","cloudflared_rss_mb","db_size_mb","active_jobs","errors_since_last_sample"
"2026-08-31T13:18:31.9859989+00:00","0","200","200","200","ONLINE","11304","2026-08-31T13:17:33.0698830Z","3440","2026-08-31T13:17:33.0851268Z","17124","2026-08-31T13:17:35.5107056Z","4.078","4.09","39.523","0.844","0",""
"2026-08-31T13:23:39.1903030+00:00","5.12","200","200","200","ONLINE","11304","2026-08-31T13:17:33.0698830Z","3440","2026-08-31T13:17:33.0851268Z","17124","2026-08-31T13:17:35.5107056Z","4.188","4.18","39.211","0.844","0",""
"2026-08-31T13:28:43.9044375+00:00","10.2","200","200","200","ONLINE","11304","2026-08-31T13:17:33.0698830Z","3440","2026-08-31T13:17:33.0851268Z","17124","2026-08-31T13:17:35.5107056Z","4.148","4.16","39.375","0.844","0",""
"2026-08-31T13:33:48.7201824+00:00","15.28","200","200","200","ONLINE","11304","2026-08-31T13:17:33.0698830Z","3440","2026-08-31T13:17:33.0851268Z","17124","2026-08-31T13:17:35.5107056Z","4.148","4.16","39.266","0.844","0",""
"2026-08-31T13:38:55.9732785+00:00","20.4","200","200","200","ONLINE","11304","2026-08-31T13:17:33.0698830Z","3440","2026-08-31T13:17:33.0851268Z","17124","2026-08-31T13:17:35.5107056Z","4.148","4.16","39.352","0.844","0",""
"2026-08-31T13:43:59.2248794+00:00","25.45","200","200","200","ONLINE","11304","2026-08-31T13:17:33.0698830Z","3440","2026-08-31T13:17:33.0851268Z","17124","2026-08-31T13:17:35.5107056Z","4.148","4.16","39.277","0.844","0",""
"2026-08-31T13:49:02.8522172+00:00","30.51","200","200","200","ONLINE","11304","2026-08-31T13:17:33.0698830Z","3440","2026-08-31T13:17:33.0851268Z","17124","2026-08-31T13:17:35.5107056Z","4.148","4.16","39.289","0.844","0",""
"2026-08-31T13:54:22.6983529+00:00","35.85","200","200","200","ONLINE","11304","2026-08-31T13:17:33.0698830Z","3440","2026-08-31T13:17:33.0851268Z","17124","2026-08-31T13:17:35.5107056Z","4.148","4.16","39.324","0.844","0",""
"2026-08-31T13:59:26.7820752+00:00","40.91","200","200","200","ONLINE","11304","2026-08-31T13:17:33.0698830Z","3440","2026-08-31T13:17:33.0851268Z","17124","2026-08-31T13:17:35.5107056Z","4.148","4.16","39.348","0.844","0",""
